Workbook

Sheet Orders
A1: Item Code | B1: 8/3/2026 | C1: 8/10/2026 | D1: 8/17/2026 | E1: 8/24/2026 | F1: 8/31/2026
A2: 12008 | B2: 199500
A3: 12014 | C3: 27360
A4: 12032 | C4: 475000 | D4: 45600
A5: 12033 | D5: 51300 | F5: 62700
A6: 12040 | C6: 418000
A7: 12045 | C7: 51300
A8: 12046 | B8: 104500 | D8: 163400
A9: 12050 | F9: 190000
A10: 12081 | E10: 15200
A11: 12091 | D11: 15200
A12: 12103 | D12: 36100
A13: 12106 | D13: 45600
A14: 12117 | E14: 32300
A15: 12119. | E15: 15200
A16: 12122 | C16: 68400 | E16: 32300
A17: 12131 | B17: 157700
A18: 12140 | C18: 43700
A19: 12141 | C19: 83600
A20: 12146 | C20: 15960
A21: 12148 | C21: 45600
A22: 12153 | B22: 47500 | E22: 15200
A23: 12154 | D23: 15200
A24: 12158 | C24: 15960
A25: 12164 | C25: 19000
A26: 12167 | D26: 34200
A27: 12168 | B27: 47500 | E27: 15200
A28: 12170 | E28: 15200
A29: 12171 | D29: 45600
A30: 12172 | C30: 26600
A31: 12174 | D31: 177840
A32: 12175 | D32: 380760
A33: 12178 | C33: 15200
A34: 12186 | C34: 15960
A35: 12201 | D35: 66500
A36: 12204 | B36: 165300 | E36: 76000
A37: 12210 | C37: 43700
A38: 12228 | D38: 17100
A39: 12229 | D39: 51300
A40: 12234 | E40: 15200
A41: 12244 | B41: 30400
A42: 12245 | E42: 30400
A43: 12249 | C43: 31920 | D43: 15960
A44: 12250 | C44: 38760 | E44: 15960
A45: 12251 | C45: 32300
A46: 12252 | D46: 34200
A47: 12253 | C47: 28500
A48: 12262 | F48: 32300
A49: 12263 | B49: 171000 | C49: 19000 | D49: 209000
A50: 12274 | B50: 189240 | E50: 38760
A51: 12279 | B51: 95000
A52: 12284 | B52: 60800
A53: 12303 | D53: 15200
A54: 12309 | D54: 36480
A55: 12311 | C55: 72200 | D55: 30400
A56: 12312 | D56: 30400
A57: 12313 | C57: 95000 | D57: 15200
A58: 12318 | C58: 15960
A59: 12319 | C59: 15960
A60: 12321 | C60: 38000
A61: 12323 | E61: 15960
A62: 12324 | E62: 15960
A63: 12327 | F63: 22800
A64: 12342 | E64: 15200
A65: 12352 | D65: 15200
A66: 12353 | C66: 95760 | F66: 15960
A67: 12354 | D67: 285000
A68: 12356 | C68: 570000
A69: 12361 | E69: 15960
A70: 12362 | D70: 120840
A71: 12373 | C71: 15200
A72: 12374 | E72: 15960
A73: 12379 | D73: 15200
A74: 12383 | D74: 15200
A75: 12384 | D75: 43700
A76: 12387 | C76: 15200
A77: 12388 | C77: 15960
A78: 12392 | C78: 15200
A79: 12398 | F79: 15960
A80: 12399 | C80: 30400 | D80: 15200
A81: 12405 | E81: 15200
A82: 12415 | B82: 115900
A83: 12417 | B83: 91200
A84: 12418 | C84: 51300
A85: 12425 | B85: 15200
A86: 12427 | B86: 190000
A87: 12442 | B87: 15200
A88: 12444 | C88: 285000 | D88: 285000
A89: 12462 | C89: 32300
A90: 12463 | E90: 15200
A91: 12464 | D91: 45600
A92: 12469 | E92: 49400
A93: 12474 | D93: 15200
A94: 12475 | C94: 15200
A95: 12588 | C95: 15200
A96: 12609 | C96: 224200
A97: 12611 | C97: 104500 | E97: 60800
A98: 12694 | B98: 190000
A99: 12695 | D99: 285000
A100: 12701 | D100: 30400
...

Sheet Shipper#
A1: Week Name | B1: Shipper #
A2: 46237 | B2: 354827
A3: 46237 | B3: 354828
A4: 46237 | B4: 356138
A5: 46244 | B5: 356454
A6: 46244 | B6: 356565
A7: 46244 | B7: 355031
A8: 46244 | B8: 355032
A9: 46244 | B9: 355044
A10: 46244 | B10: 355045
A11: 46244 | B11: 355363
A12: 46244 | B12: 355033
A13: 46244 | B13: 355369
... A299: 46251 | B299: 355664

Sheet Sheet1
A1: Item Code | B1: Item Code2 | C1: Item Code3 | D1: Item Description | E1: Customer PO # | F1: Ship Date | G1: Shipper # | H1: Delivery Date | I1: Available to Ship | J1: Quantity | K1: Week Name
A2: Item Code: 12008
A3: DSC Part Number: 713-08107
B4: 12008 | C4: 12008 | D4: AG6-AP8 Classic Cream | E4: 0308057 | F4: 46240 | G4: 354827 | H4: 46242 | I4: 0 | J4: 95000 | K4: =IFERROR(VLOOKUP(H4,Sheet2!A:B,2,0),"") -> 46237
B5: 12008 | C5: 12008 | D5: AG6-AP8 Classic Cream | E5: 0308057 | F5: 46240 | G5: 354828 | H5: 46242 | J5: 95000 | K5: =IFERROR(VLOOKUP(H5,Sheet2!A:B,2,0),"") -> 46237
B6: 12008 | C6: 12008 | D6: AG6-AP8 Classic Cream | E6: 0308057 | F6: 46240 | G6: 356138 | H6: 46242 | J6: 9500 | K6: =IFERROR(VLOOKUP(H6,Sheet2!A:B,2,0),"") -> 46237
I7: 0 | J7: 199500 | K7: =IFERROR(VLOOKUP(H7,Sheet2!A:B,2,0),"")
K8: =IFERROR(VLOOKUP(H8,Sheet2!A:B,2,0),"")
A9: Item Code: 12014 | K9: =IFERROR(VLOOKUP(H9,Sheet2!A:B,2,0),"")
A10: DSC Part Number: 604-06739 | K10: =IFERROR(VLOOKUP(H10,Sheet2!A:B,2,0),"")
B11: 12014 | C11: 12014 | D11: AW6 Farmland Real Light 7oz | E11: 0308248 | F11: 46242 | G11: 356454 | H11: 46244 | I11: 0 | J11: 27360 | K11: =IFERROR(VLOOKUP(H11,Sheet2!A:B,2,0),"") -> 46244
I12: 0 | J12: 27360 | K12: =IFERROR(VLOOKUP(H12,Sheet2!A:B,2,0),"")
K13: =IFERROR(VLOOKUP(H13,Sheet2!A:B,2,0),"")
A14: Item Code: 12032 | K14: =IFERROR(VLOOKUP(H14,Sheet2!A:B,2,0),"")
A15: DSC Part Number: 713-05894 | K15: =IFERROR(VLOOKUP(H15,Sheet2!A:B,2,0),"")
B16: 12032 | C16: 12032 | D16: AR4 Darifair Whip Lt Crm Blue | E16: 0308238 | F16: 46243 | G16: 356565 | H16: 46245 | I16: 191900 | J16: 38000 | K16: =IFERROR(VLOOKUP(H16,Sheet2!A:B,2,0),"") -> 46244
B17: 12032 | C17: 12032 | D17: AR4 Darifair Whip Lt Crm Blue | E17: 0308238 | F17: 46244 | G17: 355031 | H17: 46246 | J17: 95000 | K17: =IFERROR(VLOOKUP(H17,Sheet2!A:B,2,0),"") -> 46244
B18: 12032 | C18: 12032 | D18: AR4 Darifair Whip Lt Crm Blue | E18: 0308238 | F18: 46244 | G18: 355032 | H18: 46246 | J18: 95000 | K18: =IFERROR(VLOOKUP(H18,Sheet2!A:B,2,0),"") -> 46244
B19: 12032 | C19: 12032 | D19: AR4 Darifair Whip Lt Crm Blue | E19: 0308238 | F19: 46244 | G19: 355044 | H19: 46246 | J19: 24700 | K19: =IFERROR(VLOOKUP(H19,Sheet2!A:B,2,0),"") -> 46244
B20: 12032 | C20: 12032 | D20: AR4 Darifair Whip Lt Crm Blue | E20: 0308238 | F20: 46244 | G20: 355045 | H20: 46246 | J20: 22800 | K20: =IFERROR(VLOOKUP(H20,Sheet2!A:B,2,0),"") -> 46244
B21: 12032 | C21: 12032 | D21: AR4 Darifair Whip Lt Crm Blue | E21: 0308238 | F21: 46244 | G21: 355363 | H21: 46246 | J21: 55100 | K21: =IFERROR(VLOOKUP(H21,Sheet2!A:B,2,0),"") -> 46244
B22: 12032 | C22: 12032 | D22: AR4 Darifair Whip Lt Crm Blue | E22: 0308238 | F22: 46245 | G22: 355033 | H22: 46247 | J22: 95000 | K22: =IFERROR(VLOOKUP(H22,Sheet2!A:B,2,0),"") -> 46244
B23: 12032 | C23: 12032 | D23: AR4 Darifair Whip Lt Crm Blue | E23: 0308327 | F23: 46245 | G23: 355369 | H23: 46247 | J23: 49400 | K23: =IFERROR(VLOOKUP(H23,Sheet2!A:B,2,0),"") -> 46244
B24: 12032 | C24: 12032 | D24: AR4 Darifair Whip Lt Crm Blue | E24: 0309024 | F24: 46255 | G24: 356175 | H24: 46257 | J24: 45600 | K24: =IFERROR(VLOOKUP(H24,Sheet2!A:B,2,0),"") -> 46251
I25: 191900 | J25: 520600 | K25: =IFERROR(VLOOKUP(H25,Sheet2!A:B,2,0),"")
K26: =IFERROR(VLOOKUP(H26,Sheet2!A:B,2,0),"")
A27: Item Code: 12033 | K27: =IFERROR(VLOOKUP(H27,Sheet2!A:B,2,0),"")
A28: DSC Part Number: 713-05898 | K28: =IFERROR(VLOOKUP(H28,Sheet2!A:B,2,0),"")
B29: 12033 | C29: 12033 | D29: AZ12 Darifair Light - Yellow | E29: 0308315 | F29: 46249 | G29: 355011 | H29: 46251 | I29: 98800 | J29: 51300 | K29: =IFERROR(VLOOKUP(H29,Sheet2!A:B,2,0),"") -> 46251
B30: 12033 | C30: 12033 | D30: AZ12 Darifair Light - Yellow | E30: 0309055 | F30: 46263 | G30: 356200 | H30: 46265 | J30: 62700 | K30: =IFERROR(VLOOKUP(H30,Sheet2!A:B,2,0),"") -> 46265
I31: 98800 | J31: 114000 | K31: =IFERROR(VLOOKUP(H31,Sheet2!A:B,2,0),"")
K32: =IFERROR(VLOOKUP(H32,Sheet2!A:B,2,0),"")
A33: Item Code: 12040 | K33: =IFERROR(VLOOKUP(H33,Sheet2!A:B,2,0),"")
A34: DSC Part Number: 713-05902 | K34: =IFERROR(VLOOKUP(H34,Sheet2!A:B,2,0),"")
B35: 12040 | C35: 12040 | D35: AC4 James Farm Whip Lt Crm | E35: 0307105 | F35: 46244 | G35: 355185 | H35: 46246 | I35: 380 | J35: 95000 | K35: =IFERROR(VLOOKUP(H35,Sheet2!A:B,2,0),"") -> 46244
B36: 12040 | C36: 12040 | D36: AC4 James Farm Whip Lt Crm | E36: 0307105 | F36: 46244 | G36: 355186 | H36: 46246 | J36: 95000 | K36: =IFERROR(VLOOKUP(H36,Sheet2!A:B,2,0),"") -> 46244
B37: 12040 | C37: 12040 | D37: AC4 James Farm Whip Lt Crm | E37: 0307105 | F37: 46244 | G37: 355187 | H37: 46246 | J37: 19000 | K37: =IFERROR(VLOOKUP(H37,Sheet2!A:B,2,0),"") -> 46244
B38: 12040 | C38: 12040 | D38: AC4 James Farm Whip Lt Crm | E38: 0308322 | F38: 46245 | G38: 355365 | H38: 46247 | J38: 19000 | K38: =IFERROR(VLOOKUP(H38,Sheet2!A:B,2,0),"") -> 46244
B39: 12040 | C39: 12040 | D39: AC4 James Farm Whip Lt Crm | E39: 0308322 | F39: 46245 | G39: 355366 | H39: 46247 | J39: 95000 | K39: =IFERROR(VLOOKUP(H39,Sheet2!A:B,2,0),"") -> 46244
B40: 12040 | C40: 12040 | D40: AC4 James Farm Whip Lt Crm | E40: 0308322 | F40: 46245 | G40: 355367 | H40: 46247 | J40: 95000 | K40: =IFERROR(VLOOKUP(H40,Sheet2!A:B,2,0),"") -> 46244
I41: 380 | J41: 418000 | K41: =IFERROR(VLOOKUP(H41,Sheet2!A:B,2,0),"")
K42: =IFERROR(VLOOKUP(H42,Sheet2!A:B,2,0),"")
A43: Item Code: 12045 | K43: =IFERROR(VLOOKUP(H43,Sheet2!A:B,2,0),"")
A44: DSC Part Number: 713-06354 | K44: =IFERROR(VLOOKUP(H44,Sheet2!A:B,2,0),"")
B45: 12045 | C45: 12045 | D45: A30 Braum’s Light Cream 15oz | E45: 0306386 FLEX | F45: 46246 | G45: 356457 | H45: 46248 | I45: 380 | J45: 51300 | K45: =IFERROR(VLOOKUP(H45,Sheet2!A:B,2,0),"") -> 46244
I46: 380 | J46: 51300 | K46: =IFERROR(VLOOKUP(H46,Sheet2!A:B,2,0),"")
K47: =IFERROR(VLOOKUP(H47,Sheet2!A:B,2,0),"")
A48: Item Code: 12046 | K48: =IFERROR(VLOOKUP(H48,Sheet2!A:B,2,0),"")
A49: DSC Part Number: 713-04629 | K49: =IFERROR(VLOOKUP(H49,Sheet2!A:B,2,0),"")
B50: 12046 | C50: 12046 | D50: AJ7 PANERA PK-A-CAN 15 OZ | E50: 0308316 | F50: 46239 | G50: 356164 | H50: 46241 | I50: 104500 | J50: 91200 | K50: =IFERROR(VLOOKUP(H50,Sheet2!A:B,2,0),"") -> 46237
B51: 12046 | C51: 12046 | D51: AJ7 PANERA PK-A-CAN 15 OZ | E51: 0308316 | F51: 46239 | G51: 354849 | H51: 46241 | J51: 13300 | K51: =IFERROR(VLOOKUP(H51,Sheet2!A:B,2,0),"") -> 46237
B52: 12046 | C52: 12046 | D52: AJ7 PANERA PK-A-CAN 15 OZ | E52: 0309029 | F52: 46255 | G52: 356178 | H52: 46257 | J52: 95000 | K52: =IFERROR(VLOOKUP(H52,Sheet2!A:B,2,0),"") -> 46251
B53: 12046 | C53: 12046 | D53: AJ7 PANERA PK-A-CAN 15 OZ | E53: 0309029 | F53: 46255 | G53: 356180 | H53: 46257 | J53: 68400 | K53: =IFERROR(VLOOKUP(H53,Sheet2!A:B,2,0),"") -> 46251
I54: 104500 | J54: 267900 | K54: =IFERROR(VLOOKUP(H54,Sheet2!A:B,2,0),"")
K55: =IFERROR(VLOOKUP(H55,Sheet2!A:B,2,0),"")
A56: Item Code: 12050 | K56: =IFERROR(VLOOKUP(H56,Sheet2!A:B,2,0),"")
A57: DSC Part Number: 713-05899 | K57: =IFERROR(VLOOKUP(H57,Sheet2!A:B,2,0),"")
B58: 12050 | C58: 12050 | D58: AT9 Freshlife Whip Light Crm | E58: 0308255 | F58: 46263 | G58: 355012 | H58: 46265 | I58: 285760 | J58: 95000 | K58: =IFERROR(VLOOKUP(H58,Sheet2!A:B,2,0),"") -> 46265
B59: 12050 | C59: 12050 | D59: AT9 Freshlife Whip Light Crm | E59: 0308255 | F59: 46263 | G59: 356000 | H59: 46265 | J59: 95000 | K59: =IFERROR(VLOOKUP(H59,Sheet2!A:B,2,0),"") -> 46265
I60: 285760 | J60: 190000 | K60: =IFERROR(VLOOKUP(H60,Sheet2!A:B,2,0),"")
K61: =IFERROR(VLOOKUP(H61,Sheet2!A:B,2,0),"")
A62: Item Code: 12081 | K62: =IFERROR(VLOOKUP(H62,Sheet2!A:B,2,0),"")
A63: DSC Part Number: 713-05916 | K63: =IFERROR(VLOOKUP(H63,Sheet2!A:B,2,0),"")
B64: 12081 | C64: 12081 | D64: AU9 Producers Sweetened Whip | E64: 0309039 | F64: 46257 | G64: 356194 | H64: 46259 | I64: 0 | J64: 15200 | K64: =IFERROR(VLOOKUP(H64,Sheet2!A:B,2,0),"") -> 46258
I65: 0 | J65: 15200 | K65: =IFERROR(VLOOKUP(H65,Sheet2!A:B,2,0),"")
K66: =IFERROR(VLOOKUP(H66,Sheet2!A:B,2,0),"")
A67: Item Code: 12103 | K67: =IFERROR(VLOOKUP(H67,Sheet2!A:B,2,0),"")
A68: DSC Part Number: 713-06465 | K68: =IFERROR(VLOOKUP(H68,Sheet2!A:B,2,0),"")
B69: 12103 | C69: 12103 | D69: AW5 Darigold Dari Whip 14oz | E69: 0308803 | F69: 46254 | G69: 355989 | H69: 46256 | I69: 0 | J69: 36100 | K69: =IFERROR(VLOOKUP(H69,Sheet2!A:B,2,0),"") -> 46251
I70: 0 | J70: 36100 | K70: =IFERROR(VLOOKUP(H70,Sheet2!A:B,2,0),"")
K71: =IFERROR(VLOOKUP(H71,Sheet2!A:B,2,0),"")
A72: Item Code: 12106 | K72: =IFERROR(VLOOKUP(H72,Sheet2!A:B,2,0),"")
A73: DSC Part Number: 604-05119 | K73: =IFERROR(VLOOKUP(H73,Sheet2!A:B,2,0),"")
B74: 12106 | C74: 12106 | D74: AW9 Classic Cream 7oz | E74: 0308811 | F74: 46253 | G74: 355975 | H74: 46255 | I74: 0 | J74: 45600 | K74: =IFERROR(VLOOKUP(H74,Sheet2!A:B,2,0),"") -> 46251
I75: 0 | J75: 45600 | K75: =IFERROR(VLOOKUP(H75,Sheet2!A:B,2,0),"")
K76: =IFERROR(VLOOKUP(H76,Sheet2!A:B,2,0),"")
A77: Item Code: 12117 | K77: =IFERROR(VLOOKUP(H77,Sheet2!A:B,2,0),"")
A78: DSC Part Number: 713-07116 | K78: =IFERROR(VLOOKUP(H78,Sheet2!A:B,2,0),"")
B79: 12117 | C79: 12117 | D79: A51 Cornerstone Light Cream | E79: 0309052 | F79: 46256 | G79: 356192 | H79: 46258 | I79: 0 | J79: 32300 | K79: =IFERROR(VLOOKUP(H79,Sheet2!A:B,2,0),"") -> 46258
I80: 0 | J80: 32300 | K80: =IFERROR(VLOOKUP(H80,Sheet2!A:B,2,0),"")
K81: =IFERROR(VLOOKUP(H81,Sheet2!A:B,2,0),"")
A82: Item Code: 12119. | K82: =IFERROR(VLOOKUP(H82,Sheet2!A:B,2,0),"")
A83: DSC Part Number: 713-06163 | K83: =IFERROR(VLOOKUP(H83,Sheet2!A:B,2,0),"")
B84: 12119. | C84: 12119. | D84: A62 Classic Crm Pump. Spice | E84: 0308549 | F84: 46260 | G84: 355657 | H84: 46262 | I84: 1140 | J84: 15200 | K84: =IFERROR(VLOOKUP(H84,Sheet2!A:B,2,0),"") -> 46258
I85: 1140 | J85: 15200 | K85: =IFERROR(VLOOKUP(H85,Sheet2!A:B,2,0),"")
K86: =IFERROR(VLOOKUP(H86,Sheet2!A:B,2,0),"")
A87: Item Code: 12122 | K87: =IFERROR(VLOOKUP(H87,Sheet2!A:B,2,0),"")
A88: DSC Part Number: 713-05802 | K88: =IFERROR(VLOOKUP(H88,Sheet2!A:B,2,0),"")
B89: 12122 | C89: 12122 | D89: A42 Stewarts Shops Whip LtCrm | E89: 0308325 | F89: 46247 | G89: 355388 | H89: 46249 | I89: 0 | J89: 68400 | K89: =IFERROR(VLOOKUP(H89,Sheet2!A:B,2,0),"") -> 46244
B90: 12122 | C90: 12122 | D90: A42 Stewarts Shops Whip LtCrm | E90: 0309041 | F90: 46256 | G90: 356189 | H90: 46258 | J90: 32300 | K90: =IFERROR(VLOOKUP(H90,Sheet2!A:B,2,0),"") -> 46258
I91: 0 | J91: 100700 | K91: =IFERROR(VLOOKUP(H91,Sheet2!A:B,2,0),"")
K92: =IFERROR(VLOOKUP(H92,Sheet2!A:B,2,0),"")
A93: Item Code: 12131 | K93: =IFERROR(VLOOKUP(H93,Sheet2!A:B,2,0),"")
A94: DSC Part Number: 713-07504 | K94: =IFERROR(VLOOKUP(H94,Sheet2!A:B,2,0),"")
B95: 12131 | C95: 12131 | D95: A99 Classic Crm Extra 23.5Reg | E95: 0308327 | F95: 46239 | G95: 355368 | H95: 46241 | I95: 405840 | J95: 95000 | K95: =IFERROR(VLOOKUP(H95,Sheet2!A:B,2,0),"") -> 46237
B96: 12131 | C96: 12131 | D96: A99 Classic Crm Extra 23.5Reg | E96: 0308327 | F96: 46239 | G96: 356162 | H96: 46241 | J96: 62700 | K96: =IFERROR(VLOOKUP(H96,Sheet2!A:B,2,0),"") -> 46237
I97: 405840 | J97: 157700 | K97: =IFERROR(VLOOKUP(H97,Sheet2!A:B,2,0),"")
K98: =IFERROR(VLOOKUP(H98,Sheet2!A:B,2,0),"")
A99: Item Code: 12140 | K99: =IFERROR(VLOOKUP(H99,Sheet2!A:B,2,0),"")
A100: DSC Part Number: 713-07434 | K100: =IFERROR(VLOOKUP(H100,Sheet2!A:B,2,0),"")
...

Sheet Sheet2
A1: Date | B1: Start Week
A2: 46023 | B2: 46020
A3: 46024 | B3: 46020
A4: 46025 | B4: 46020
A5: 46026 | B5: 46020
A6: 46027 | B6: 46027
A7: 46028 | B7: 46027
A8: 46029 | B8: 46027
A9: 46030 | B9: 46027
A10: 46031 | B10: 46027
A11: 46032 | B11: 46027
A12: 46033 | B12: 46027
A13: 46034 | B13: 46034
... A366: 46387 | B366: 46384
